{
  "project_info": {
    "project_number": "435650256481",
    "firebase_url": "https://flutter-fcm-4e9fa.firebaseio.com",
    "project_id": "flutter-fcm-4e9fa",
    "storage_bucket": "flutter-fcm-4e9fa.appspot.com"
  },
  "client": [
    {
      "client_info": {
        "mobilesdk_app_id": "1:435650256481:android:2b48a59f65a9a51b",
        "android_client_info": {
          "package_name": "com.flutter_fcm"
        }
      },
      "oauth_client": [
        {
          "client_id": "435650256481-58i48utdjid3jpcvhq4s2jotjs7qce1o.apps.googleusercontent.com",
          "client_type": 1,
          "android_info": {
            "package_name": "com.flutter_fcm",
            "certificate_hash": "b2b1acb6f00018ad5fb5d9a5a73512932f996e76"
          }
        },
        {
          "client_id": "435650256481-grqiaoq0q36469aji5j1u6npmk870875.apps.googleusercontent.com",
          "client_type": 3
        }
      ],
      "api_key": [
        {
          "current_key": "AIzaSyA84zAl5rWON6lE-Mqo8mBu6jsu6zc70bE"
        }
      ],
      "services": {
        "appinvite_service": {
          "other_platform_oauth_client": [
            {
              "client_id": "435650256481-grqiaoq0q36469aji5j1u6npmk870875.apps.googleusercontent.com",
              "client_type": 3
            }
          ]
        }
      }
    }
  ],
  "configuration_version": "1"
}